{"cameraMode":{"drawMode":0,"name":"Shaded","section":"Shading Mode"},"sceneLighting":false,"audioPlay":false,"sceneViewState":{"showFog":true,"showMaterialUpdate":false,"showSkybox":true,"showFlares":true,"showImageEffects":true,"showParticleSystems":true},"in2DMode":false,"pivot":{"x":593.138427734375,"y":390.87249755859377,"z":36.7962760925293},"rotation":{"x":-0.006309404503554106,"y":0.008096962235867978,"z":-0.00005041750046075322,"w":-0.9999540448188782},"size":1104.633056640625,"orthographic":true}