{"cameraMode":{"drawMode":0,"name":"Shaded","section":"Shading Mode"},"sceneLighting":false,"audioPlay":false,"sceneViewState":{"showFog":true,"showMaterialUpdate":false,"showSkybox":true,"showFlares":true,"showImageEffects":true,"showParticleSystems":true},"in2DMode":false,"pivot":{"x":-5.633276462554932,"y":-0.8741257786750794,"z":4.403815746307373},"rotation":{"x":-0.16138802468776704,"y":0.4700528681278229,"z":-0.08787310123443604,"w":-0.8633022904396057},"size":17.592681884765626,"orthographic":false}